,event_type,start_time,duration,end_time
0,Fibonacci,2024-12-11 09:42:33+01:00,1467,2024-12-11 09:42:35+01:00
1,PuppeteerEC/tests/puppeteer_actions/action1.js,2024-12-11 09:50:05+01:00,18822,2024-12-11 09:50:24+01:00
2,PuppeteerEC/tests/puppeteer_actions/action1.js,2024-12-11 09:55:24+01:00,13124,2024-12-11 09:55:37+01:00
3,PuppeteerEC/tests/puppeteer_actions/action1.js,2024-12-11 10:00:37+01:00,13359,2024-12-11 10:00:50+01:00
4,PuppeteerEC/tests/puppeteer_actions/action1.js,2024-12-11 10:05:50+01:00,13101,2024-12-11 10:06:03+01:00
5,PuppeteerEC/tests/puppeteer_actions/action1.js,2024-12-11 10:11:03+01:00,13554,2024-12-11 10:11:17+01:00
6,PuppeteerEC/tests/puppeteer_actions/action1.js,2024-12-11 10:16:17+01:00,13342,2024-12-11 10:16:30+01:00
7,PuppeteerEC/tests/puppeteer_actions/action1.js,2024-12-11 10:21:30+01:00,13528,2024-12-11 10:21:44+01:00
8,PuppeteerEC/tests/puppeteer_actions/action1.js,2024-12-11 10:26:44+01:00,12929,2024-12-11 10:26:57+01:00
9,PuppeteerEC/tests/puppeteer_actions/action1.js,2024-12-11 10:31:57+01:00,13062,2024-12-11 10:32:10+01:00
10,PuppeteerEC/tests/puppeteer_actions/action1.js,2024-12-11 10:37:10+01:00,13152,2024-12-11 10:37:23+01:00
11,PuppeteerEC/tests/puppeteer_actions/action1.js,2024-12-11 10:42:23+01:00,13198,2024-12-11 10:42:37+01:00
12,PuppeteerEC/tests/puppeteer_actions/action1.js,2024-12-11 10:47:37+01:00,13652,2024-12-11 10:47:50+01:00
13,PuppeteerEC/tests/puppeteer_actions/action1.js,2024-12-11 10:52:50+01:00,13388,2024-12-11 10:53:04+01:00
14,PuppeteerEC/tests/puppeteer_actions/action1.js,2024-12-11 10:58:04+01:00,13361,2024-12-11 10:58:17+01:00
15,PuppeteerEC/tests/puppeteer_actions/action1.js,2024-12-11 11:03:17+01:00,13354,2024-12-11 11:03:31+01:00
16,PuppeteerEC/tests/puppeteer_actions/action1.js,2024-12-11 11:08:31+01:00,13003,2024-12-11 11:08:44+01:00
17,PuppeteerEC/tests/puppeteer_actions/action1.js,2024-12-11 11:13:44+01:00,13199,2024-12-11 11:13:57+01:00
18,PuppeteerEC/tests/puppeteer_actions/action1.js,2024-12-11 11:18:57+01:00,13551,2024-12-11 11:19:10+01:00
19,PuppeteerEC/tests/puppeteer_actions/action1.js,2024-12-11 11:24:10+01:00,13329,2024-12-11 11:24:24+01:00
20,PuppeteerEC/tests/puppeteer_actions/action1.js,2024-12-11 11:29:24+01:00,13333,2024-12-11 11:29:37+01:00
21,PuppeteerEC/tests/puppeteer_actions/action1.js,2024-12-11 11:34:37+01:00,13272,2024-12-11 11:34:50+01:00
22,PuppeteerEC/tests/puppeteer_actions/action1.js,2024-12-11 11:39:51+01:00,13189,2024-12-11 11:40:04+01:00
23,PuppeteerEC/tests/puppeteer_actions/action1.js,2024-12-11 11:45:04+01:00,13359,2024-12-11 11:45:17+01:00
24,PuppeteerEC/tests/puppeteer_actions/action1.js,2024-12-11 11:50:17+01:00,13179,2024-12-11 11:50:30+01:00
25,PuppeteerEC/tests/puppeteer_actions/action1.js,2024-12-11 11:55:30+01:00,13366,2024-12-11 11:55:44+01:00
26,PuppeteerEC/tests/puppeteer_actions/action1.js,2024-12-11 12:00:44+01:00,13451,2024-12-11 12:00:57+01:00
27,PuppeteerEC/tests/puppeteer_actions/action1.js,2024-12-11 12:05:57+01:00,13254,2024-12-11 12:06:11+01:00
28,PuppeteerEC/tests/puppeteer_actions/action1.js,2024-12-11 12:11:11+01:00,13501,2024-12-11 12:11:24+01:00
29,PuppeteerEC/tests/puppeteer_actions/action1.js,2024-12-11 12:16:24+01:00,13130,2024-12-11 12:16:37+01:00
30,PuppeteerEC/tests/puppeteer_actions/action1.js,2024-12-11 12:21:37+01:00,13073,2024-12-11 12:21:50+01:00
31,PuppeteerEC/tests/puppeteer_actions/action1.js,2024-12-11 12:26:50+01:00,13745,2024-12-11 12:27:04+01:00
32,PuppeteerEC/tests/puppeteer_actions/action1.js,2024-12-11 12:32:04+01:00,13345,2024-12-11 12:32:18+01:00
33,PuppeteerEC/tests/puppeteer_actions/action1.js,2024-12-11 12:37:18+01:00,13371,2024-12-11 12:37:31+01:00
34,PuppeteerEC/tests/puppeteer_actions/action1.js,2024-12-11 12:42:31+01:00,13299,2024-12-11 12:42:44+01:00
35,PuppeteerEC/tests/puppeteer_actions/action1.js,2024-12-11 12:47:44+01:00,13071,2024-12-11 12:47:57+01:00
36,PuppeteerEC/tests/puppeteer_actions/action2.js,2024-12-11 13:02:58+01:00,16028,2024-12-11 13:03:14+01:00
37,PuppeteerEC/tests/puppeteer_actions/action2.js,2024-12-11 13:08:14+01:00,16011,2024-12-11 13:08:30+01:00
38,PuppeteerEC/tests/puppeteer_actions/action2.js,2024-12-11 13:13:30+01:00,15830,2024-12-11 13:13:46+01:00
39,PuppeteerEC/tests/puppeteer_actions/action2.js,2024-12-11 13:18:46+01:00,15597,2024-12-11 13:19:01+01:00
40,PuppeteerEC/tests/puppeteer_actions/action2.js,2024-12-11 13:24:01+01:00,15777,2024-12-11 13:24:17+01:00
41,PuppeteerEC/tests/puppeteer_actions/action2.js,2024-12-11 13:29:17+01:00,15756,2024-12-11 13:29:33+01:00
42,PuppeteerEC/tests/puppeteer_actions/action2.js,2024-12-11 13:34:33+01:00,15735,2024-12-11 13:34:49+01:00
43,PuppeteerEC/tests/puppeteer_actions/action2.js,2024-12-11 13:39:49+01:00,16161,2024-12-11 13:40:05+01:00
44,PuppeteerEC/tests/puppeteer_actions/action2.js,2024-12-11 13:45:05+01:00,15636,2024-12-11 13:45:20+01:00
45,PuppeteerEC/tests/puppeteer_actions/action2.js,2024-12-11 13:50:21+01:00,15686,2024-12-11 13:50:36+01:00
46,PuppeteerEC/tests/puppeteer_actions/action2.js,2024-12-11 13:55:36+01:00,15811,2024-12-11 13:55:52+01:00
47,PuppeteerEC/tests/puppeteer_actions/action2.js,2024-12-11 14:00:52+01:00,15719,2024-12-11 14:01:08+01:00
48,PuppeteerEC/tests/puppeteer_actions/action2.js,2024-12-11 14:06:08+01:00,15847,2024-12-11 14:06:24+01:00
49,PuppeteerEC/tests/puppeteer_actions/action2.js,2024-12-11 14:11:24+01:00,15922,2024-12-11 14:11:40+01:00
50,PuppeteerEC/tests/puppeteer_actions/action2.js,2024-12-11 14:16:40+01:00,15739,2024-12-11 14:16:55+01:00
51,PuppeteerEC/tests/puppeteer_actions/action2.js,2024-12-11 14:21:56+01:00,15774,2024-12-11 14:22:11+01:00
52,PuppeteerEC/tests/puppeteer_actions/action2.js,2024-12-11 14:27:11+01:00,15979,2024-12-11 14:27:27+01:00
53,PuppeteerEC/tests/puppeteer_actions/action2.js,2024-12-11 14:32:27+01:00,15781,2024-12-11 14:32:43+01:00
54,PuppeteerEC/tests/puppeteer_actions/action2.js,2024-12-11 14:37:43+01:00,15888,2024-12-11 14:37:59+01:00
55,PuppeteerEC/tests/puppeteer_actions/action2.js,2024-12-11 14:42:59+01:00,15579,2024-12-11 14:43:15+01:00
56,PuppeteerEC/tests/puppeteer_actions/action2.js,2024-12-11 14:48:15+01:00,16160,2024-12-11 14:48:31+01:00
57,PuppeteerEC/tests/puppeteer_actions/action2.js,2024-12-11 14:53:31+01:00,15741,2024-12-11 14:53:47+01:00
58,PuppeteerEC/tests/puppeteer_actions/action2.js,2024-12-11 14:58:47+01:00,15982,2024-12-11 14:59:03+01:00
59,PuppeteerEC/tests/puppeteer_actions/action2.js,2024-12-11 15:04:03+01:00,15727,2024-12-11 15:04:19+01:00
60,PuppeteerEC/tests/puppeteer_actions/action2.js,2024-12-11 15:09:19+01:00,16346,2024-12-11 15:09:35+01:00
61,PuppeteerEC/tests/puppeteer_actions/action2.js,2024-12-11 15:14:35+01:00,15788,2024-12-11 15:14:51+01:00
62,PuppeteerEC/tests/puppeteer_actions/action2.js,2024-12-11 15:19:51+01:00,15831,2024-12-11 15:20:07+01:00
63,PuppeteerEC/tests/puppeteer_actions/action2.js,2024-12-11 15:25:07+01:00,16064,2024-12-11 15:25:23+01:00
64,PuppeteerEC/tests/puppeteer_actions/action2.js,2024-12-11 15:30:23+01:00,15697,2024-12-11 15:30:39+01:00
65,PuppeteerEC/tests/puppeteer_actions/action2.js,2024-12-11 15:35:39+01:00,15787,2024-12-11 15:35:54+01:00
66,PuppeteerEC/tests/puppeteer_actions/action2.js,2024-12-11 15:40:54+01:00,15923,2024-12-11 15:41:10+01:00
67,PuppeteerEC/tests/puppeteer_actions/action2.js,2024-12-11 15:46:10+01:00,15617,2024-12-11 15:46:26+01:00
68,PuppeteerEC/tests/puppeteer_actions/action2.js,2024-12-11 15:51:26+01:00,15749,2024-12-11 15:51:42+01:00
69,PuppeteerEC/tests/puppeteer_actions/action2.js,2024-12-11 15:56:42+01:00,15789,2024-12-11 15:56:58+01:00
70,PuppeteerEC/tests/puppeteer_actions/action2.js,2024-12-11 16:01:58+01:00,15834,2024-12-11 16:02:13+01:00
71,PuppeteerEC/tests/puppeteer_actions/action3.js,2024-12-11 16:17:14+01:00,8660,2024-12-11 16:17:22+01:00
72,PuppeteerEC/tests/puppeteer_actions/action3.js,2024-12-11 16:22:22+01:00,8400,2024-12-11 16:22:31+01:00
73,PuppeteerEC/tests/puppeteer_actions/action3.js,2024-12-11 16:27:31+01:00,8613,2024-12-11 16:27:39+01:00
74,PuppeteerEC/tests/puppeteer_actions/action3.js,2024-12-11 16:32:39+01:00,8651,2024-12-11 16:32:48+01:00
75,PuppeteerEC/tests/puppeteer_actions/action3.js,2024-12-11 16:37:48+01:00,8448,2024-12-11 16:37:57+01:00
76,PuppeteerEC/tests/puppeteer_actions/action3.js,2024-12-11 16:42:57+01:00,8574,2024-12-11 16:43:05+01:00
77,PuppeteerEC/tests/puppeteer_actions/action3.js,2024-12-11 16:48:05+01:00,8437,2024-12-11 16:48:14+01:00
78,PuppeteerEC/tests/puppeteer_actions/action3.js,2024-12-11 16:53:14+01:00,8559,2024-12-11 16:53:22+01:00
79,PuppeteerEC/tests/puppeteer_actions/action3.js,2024-12-11 16:58:22+01:00,8613,2024-12-11 16:58:31+01:00
80,PuppeteerEC/tests/puppeteer_actions/action3.js,2024-12-11 17:03:31+01:00,8602,2024-12-11 17:03:40+01:00
81,PuppeteerEC/tests/puppeteer_actions/action3.js,2024-12-11 17:08:40+01:00,8465,2024-12-11 17:08:48+01:00
82,PuppeteerEC/tests/puppeteer_actions/action3.js,2024-12-11 17:13:48+01:00,8623,2024-12-11 17:13:57+01:00
83,PuppeteerEC/tests/puppeteer_actions/action3.js,2024-12-11 17:18:57+01:00,8429,2024-12-11 17:19:05+01:00
84,PuppeteerEC/tests/puppeteer_actions/action3.js,2024-12-11 17:24:05+01:00,8579,2024-12-11 17:24:14+01:00
85,PuppeteerEC/tests/puppeteer_actions/action3.js,2024-12-11 17:29:14+01:00,8474,2024-12-11 17:29:22+01:00
86,PuppeteerEC/tests/puppeteer_actions/action3.js,2024-12-11 17:34:22+01:00,8556,2024-12-11 17:34:31+01:00
87,PuppeteerEC/tests/puppeteer_actions/action3.js,2024-12-11 17:39:31+01:00,8432,2024-12-11 17:39:39+01:00
88,PuppeteerEC/tests/puppeteer_actions/action3.js,2024-12-11 17:44:39+01:00,8611,2024-12-11 17:44:48+01:00
89,PuppeteerEC/tests/puppeteer_actions/action3.js,2024-12-11 17:49:48+01:00,8532,2024-12-11 17:49:57+01:00
90,PuppeteerEC/tests/puppeteer_actions/action3.js,2024-12-11 17:54:57+01:00,8517,2024-12-11 17:55:05+01:00
91,PuppeteerEC/tests/puppeteer_actions/action3.js,2024-12-11 18:00:05+01:00,8542,2024-12-11 18:00:14+01:00
92,PuppeteerEC/tests/puppeteer_actions/action3.js,2024-12-11 18:05:14+01:00,8661,2024-12-11 18:05:23+01:00
93,PuppeteerEC/tests/puppeteer_actions/action3.js,2024-12-11 18:10:23+01:00,8571,2024-12-11 18:10:31+01:00
94,PuppeteerEC/tests/puppeteer_actions/action3.js,2024-12-11 18:15:31+01:00,8423,2024-12-11 18:15:40+01:00
95,PuppeteerEC/tests/puppeteer_actions/action3.js,2024-12-11 18:20:40+01:00,8524,2024-12-11 18:20:48+01:00
96,PuppeteerEC/tests/puppeteer_actions/action3.js,2024-12-11 18:25:48+01:00,8473,2024-12-11 18:25:57+01:00
97,PuppeteerEC/tests/puppeteer_actions/action3.js,2024-12-11 18:30:57+01:00,8528,2024-12-11 18:31:05+01:00
98,PuppeteerEC/tests/puppeteer_actions/action3.js,2024-12-11 18:36:05+01:00,8446,2024-12-11 18:36:14+01:00
99,PuppeteerEC/tests/puppeteer_actions/action3.js,2024-12-11 18:41:14+01:00,8569,2024-12-11 18:41:22+01:00
100,PuppeteerEC/tests/puppeteer_actions/action3.js,2024-12-11 18:46:22+01:00,8604,2024-12-11 18:46:31+01:00
101,PuppeteerEC/tests/puppeteer_actions/action3.js,2024-12-11 18:51:31+01:00,8380,2024-12-11 18:51:39+01:00
102,PuppeteerEC/tests/puppeteer_actions/action3.js,2024-12-11 18:56:40+01:00,8543,2024-12-11 18:56:48+01:00
103,PuppeteerEC/tests/puppeteer_actions/action3.js,2024-12-11 19:01:48+01:00,8725,2024-12-11 19:01:57+01:00
104,PuppeteerEC/tests/puppeteer_actions/action3.js,2024-12-11 19:06:57+01:00,8500,2024-12-11 19:07:05+01:00
105,PuppeteerEC/tests/puppeteer_actions/action3.js,2024-12-11 19:12:05+01:00,8430,2024-12-11 19:12:14+01:00
106,PuppeteerEC/tests/puppeteer_actions/action4.js,2024-12-11 19:27:14+01:00,8674,2024-12-11 19:27:23+01:00
107,PuppeteerEC/tests/puppeteer_actions/action4.js,2024-12-11 19:32:23+01:00,8594,2024-12-11 19:32:31+01:00
108,PuppeteerEC/tests/puppeteer_actions/action4.js,2024-12-11 19:37:31+01:00,8523,2024-12-11 19:37:40+01:00
109,PuppeteerEC/tests/puppeteer_actions/action4.js,2024-12-11 19:42:40+01:00,8936,2024-12-11 19:42:49+01:00
110,PuppeteerEC/tests/puppeteer_actions/action4.js,2024-12-11 19:47:49+01:00,8517,2024-12-11 19:47:57+01:00
111,PuppeteerEC/tests/puppeteer_actions/action4.js,2024-12-11 19:52:57+01:00,8815,2024-12-11 19:53:06+01:00
112,PuppeteerEC/tests/puppeteer_actions/action4.js,2024-12-11 19:58:06+01:00,8676,2024-12-11 19:58:15+01:00
113,PuppeteerEC/tests/puppeteer_actions/action4.js,2024-12-11 20:03:15+01:00,8586,2024-12-11 20:03:24+01:00
114,PuppeteerEC/tests/puppeteer_actions/action4.js,2024-12-11 20:08:24+01:00,8769,2024-12-11 20:08:32+01:00
115,PuppeteerEC/tests/puppeteer_actions/action4.js,2024-12-11 20:13:32+01:00,8635,2024-12-11 20:13:41+01:00
116,PuppeteerEC/tests/puppeteer_actions/action4.js,2024-12-11 20:18:41+01:00,8512,2024-12-11 20:18:50+01:00
117,PuppeteerEC/tests/puppeteer_actions/action4.js,2024-12-11 20:23:50+01:00,8700,2024-12-11 20:23:58+01:00
118,PuppeteerEC/tests/puppeteer_actions/action4.js,2024-12-11 20:28:58+01:00,8595,2024-12-11 20:29:07+01:00
119,PuppeteerEC/tests/puppeteer_actions/action4.js,2024-12-11 20:34:07+01:00,8518,2024-12-11 20:34:16+01:00
120,PuppeteerEC/tests/puppeteer_actions/action4.js,2024-12-11 20:39:16+01:00,8478,2024-12-11 20:39:24+01:00
121,PuppeteerEC/tests/puppeteer_actions/action4.js,2024-12-11 20:44:24+01:00,8837,2024-12-11 20:44:33+01:00
122,PuppeteerEC/tests/puppeteer_actions/action4.js,2024-12-11 20:49:33+01:00,8817,2024-12-11 20:49:42+01:00
123,PuppeteerEC/tests/puppeteer_actions/action4.js,2024-12-11 20:54:42+01:00,8496,2024-12-11 20:54:50+01:00
124,PuppeteerEC/tests/puppeteer_actions/action4.js,2024-12-11 20:59:50+01:00,8618,2024-12-11 20:59:59+01:00
125,PuppeteerEC/tests/puppeteer_actions/action4.js,2024-12-11 21:04:59+01:00,8575,2024-12-11 21:05:08+01:00
126,PuppeteerEC/tests/puppeteer_actions/action4.js,2024-12-11 21:10:08+01:00,8743,2024-12-11 21:10:17+01:00
127,PuppeteerEC/tests/puppeteer_actions/action4.js,2024-12-11 21:15:17+01:00,8698,2024-12-11 21:15:25+01:00
128,PuppeteerEC/tests/puppeteer_actions/action4.js,2024-12-11 21:20:25+01:00,8743,2024-12-11 21:20:34+01:00
129,PuppeteerEC/tests/puppeteer_actions/action4.js,2024-12-11 21:25:34+01:00,8761,2024-12-11 21:25:43+01:00
130,PuppeteerEC/tests/puppeteer_actions/action4.js,2024-12-11 21:30:43+01:00,8689,2024-12-11 21:30:52+01:00
131,PuppeteerEC/tests/puppeteer_actions/action4.js,2024-12-11 21:35:52+01:00,8758,2024-12-11 21:36:00+01:00
132,PuppeteerEC/tests/puppeteer_actions/action4.js,2024-12-11 21:41:00+01:00,8736,2024-12-11 21:41:09+01:00
133,PuppeteerEC/tests/puppeteer_actions/action4.js,2024-12-11 21:46:09+01:00,8676,2024-12-11 21:46:18+01:00
134,PuppeteerEC/tests/puppeteer_actions/action4.js,2024-12-11 21:51:18+01:00,8512,2024-12-11 21:51:26+01:00
135,PuppeteerEC/tests/puppeteer_actions/action4.js,2024-12-11 21:56:27+01:00,8680,2024-12-11 21:56:35+01:00
136,PuppeteerEC/tests/puppeteer_actions/action4.js,2024-12-11 22:01:35+01:00,8780,2024-12-11 22:01:44+01:00
137,PuppeteerEC/tests/puppeteer_actions/action4.js,2024-12-11 22:06:44+01:00,8652,2024-12-11 22:06:53+01:00
138,PuppeteerEC/tests/puppeteer_actions/action4.js,2024-12-11 22:11:53+01:00,8668,2024-12-11 22:12:01+01:00
139,PuppeteerEC/tests/puppeteer_actions/action4.js,2024-12-11 22:17:01+01:00,8579,2024-12-11 22:17:10+01:00
140,PuppeteerEC/tests/puppeteer_actions/action4.js,2024-12-11 22:22:10+01:00,8787,2024-12-11 22:22:19+01:00
141,PuppeteerEC/tests/puppeteer_actions/action5.js,2024-12-11 22:37:19+01:00,5717,2024-12-11 22:37:25+01:00
142,PuppeteerEC/tests/puppeteer_actions/action5.js,2024-12-11 22:42:25+01:00,5876,2024-12-11 22:42:31+01:00
143,PuppeteerEC/tests/puppeteer_actions/action5.js,2024-12-11 22:47:31+01:00,5985,2024-12-11 22:47:37+01:00
144,PuppeteerEC/tests/puppeteer_actions/action5.js,2024-12-11 22:52:37+01:00,5717,2024-12-11 22:52:42+01:00
145,PuppeteerEC/tests/puppeteer_actions/action5.js,2024-12-11 22:57:42+01:00,5838,2024-12-11 22:57:48+01:00
146,PuppeteerEC/tests/puppeteer_actions/action5.js,2024-12-11 23:02:48+01:00,5753,2024-12-11 23:02:54+01:00
147,PuppeteerEC/tests/puppeteer_actions/action5.js,2024-12-11 23:07:54+01:00,5793,2024-12-11 23:08:00+01:00
148,PuppeteerEC/tests/puppeteer_actions/action5.js,2024-12-11 23:13:00+01:00,5701,2024-12-11 23:13:06+01:00
149,PuppeteerEC/tests/puppeteer_actions/action5.js,2024-12-11 23:18:06+01:00,5870,2024-12-11 23:18:12+01:00
150,PuppeteerEC/tests/puppeteer_actions/action5.js,2024-12-11 23:23:12+01:00,5935,2024-12-11 23:23:18+01:00
151,PuppeteerEC/tests/puppeteer_actions/action5.js,2024-12-11 23:28:18+01:00,5824,2024-12-11 23:28:23+01:00
152,PuppeteerEC/tests/puppeteer_actions/action5.js,2024-12-11 23:33:24+01:00,5825,2024-12-11 23:33:29+01:00
153,PuppeteerEC/tests/puppeteer_actions/action5.js,2024-12-11 23:38:29+01:00,5823,2024-12-11 23:38:35+01:00
154,PuppeteerEC/tests/puppeteer_actions/action5.js,2024-12-11 23:43:35+01:00,5708,2024-12-11 23:43:41+01:00
155,PuppeteerEC/tests/puppeteer_actions/action5.js,2024-12-11 23:48:41+01:00,5889,2024-12-11 23:48:47+01:00
156,PuppeteerEC/tests/puppeteer_actions/action5.js,2024-12-11 23:53:47+01:00,5778,2024-12-11 23:53:53+01:00
157,PuppeteerEC/tests/puppeteer_actions/action5.js,2024-12-11 23:58:53+01:00,5861,2024-12-11 23:58:59+01:00
158,PuppeteerEC/tests/puppeteer_actions/action5.js,2024-12-12 00:03:59+01:00,5624,2024-12-12 00:04:04+01:00
159,PuppeteerEC/tests/puppeteer_actions/action5.js,2024-12-12 00:09:04+01:00,5712,2024-12-12 00:09:10+01:00
160,PuppeteerEC/tests/puppeteer_actions/action5.js,2024-12-12 00:14:10+01:00,6159,2024-12-12 00:14:16+01:00
161,PuppeteerEC/tests/puppeteer_actions/action5.js,2024-12-12 00:19:16+01:00,6232,2024-12-12 00:19:23+01:00
162,PuppeteerEC/tests/puppeteer_actions/action5.js,2024-12-12 00:24:23+01:00,5661,2024-12-12 00:24:28+01:00
163,PuppeteerEC/tests/puppeteer_actions/action5.js,2024-12-12 00:29:28+01:00,6047,2024-12-12 00:29:34+01:00
164,PuppeteerEC/tests/puppeteer_actions/action5.js,2024-12-12 00:34:34+01:00,5683,2024-12-12 00:34:40+01:00
165,PuppeteerEC/tests/puppeteer_actions/action5.js,2024-12-12 00:39:40+01:00,5869,2024-12-12 00:39:46+01:00
166,PuppeteerEC/tests/puppeteer_actions/action5.js,2024-12-12 00:44:46+01:00,5686,2024-12-12 00:44:52+01:00
167,PuppeteerEC/tests/puppeteer_actions/action5.js,2024-12-12 00:49:52+01:00,6296,2024-12-12 00:49:58+01:00
168,PuppeteerEC/tests/puppeteer_actions/action5.js,2024-12-12 00:54:58+01:00,5701,2024-12-12 00:55:04+01:00
169,PuppeteerEC/tests/puppeteer_actions/action5.js,2024-12-12 01:00:04+01:00,5767,2024-12-12 01:00:10+01:00
170,PuppeteerEC/tests/puppeteer_actions/action5.js,2024-12-12 01:05:10+01:00,5910,2024-12-12 01:05:16+01:00
171,PuppeteerEC/tests/puppeteer_actions/action5.js,2024-12-12 01:10:16+01:00,5923,2024-12-12 01:10:22+01:00
172,PuppeteerEC/tests/puppeteer_actions/action5.js,2024-12-12 01:15:22+01:00,5706,2024-12-12 01:15:27+01:00
173,PuppeteerEC/tests/puppeteer_actions/action5.js,2024-12-12 01:20:27+01:00,5829,2024-12-12 01:20:33+01:00
174,PuppeteerEC/tests/puppeteer_actions/action5.js,2024-12-12 01:25:33+01:00,5892,2024-12-12 01:25:39+01:00
175,PuppeteerEC/tests/puppeteer_actions/action5.js,2024-12-12 01:30:39+01:00,5727,2024-12-12 01:30:45+01:00
176,PuppeteerEC/tests/puppeteer_actions/action7.js,2024-12-12 01:45:45+01:00,10694,2024-12-12 01:45:56+01:00
177,PuppeteerEC/tests/puppeteer_actions/action7.js,2024-12-12 01:50:56+01:00,10584,2024-12-12 01:51:06+01:00
178,PuppeteerEC/tests/puppeteer_actions/action7.js,2024-12-12 01:56:06+01:00,10664,2024-12-12 01:56:17+01:00
179,PuppeteerEC/tests/puppeteer_actions/action7.js,2024-12-12 02:01:17+01:00,10596,2024-12-12 02:01:28+01:00
180,PuppeteerEC/tests/puppeteer_actions/action7.js,2024-12-12 02:06:28+01:00,10676,2024-12-12 02:06:38+01:00
181,PuppeteerEC/tests/puppeteer_actions/action7.js,2024-12-12 02:11:38+01:00,10747,2024-12-12 02:11:49+01:00
182,PuppeteerEC/tests/puppeteer_actions/action7.js,2024-12-12 02:16:49+01:00,10670,2024-12-12 02:17:00+01:00
183,PuppeteerEC/tests/puppeteer_actions/action7.js,2024-12-12 02:22:00+01:00,10742,2024-12-12 02:22:11+01:00
184,PuppeteerEC/tests/puppeteer_actions/action7.js,2024-12-12 02:27:11+01:00,10647,2024-12-12 02:27:21+01:00
185,PuppeteerEC/tests/puppeteer_actions/action7.js,2024-12-12 02:32:21+01:00,10702,2024-12-12 02:32:32+01:00
186,PuppeteerEC/tests/puppeteer_actions/action7.js,2024-12-12 02:37:32+01:00,10698,2024-12-12 02:37:43+01:00
187,PuppeteerEC/tests/puppeteer_actions/action7.js,2024-12-12 02:42:43+01:00,10733,2024-12-12 02:42:54+01:00
188,PuppeteerEC/tests/puppeteer_actions/action7.js,2024-12-12 02:47:54+01:00,10675,2024-12-12 02:48:04+01:00
189,PuppeteerEC/tests/puppeteer_actions/action7.js,2024-12-12 02:53:04+01:00,10585,2024-12-12 02:53:15+01:00
190,PuppeteerEC/tests/puppeteer_actions/action7.js,2024-12-12 02:58:15+01:00,10691,2024-12-12 02:58:26+01:00
191,PuppeteerEC/tests/puppeteer_actions/action7.js,2024-12-12 03:03:26+01:00,10733,2024-12-12 03:03:37+01:00
192,PuppeteerEC/tests/puppeteer_actions/action7.js,2024-12-12 03:08:37+01:00,10740,2024-12-12 03:08:47+01:00
193,PuppeteerEC/tests/puppeteer_actions/action7.js,2024-12-12 03:13:47+01:00,10736,2024-12-12 03:13:58+01:00
194,PuppeteerEC/tests/puppeteer_actions/action7.js,2024-12-12 03:18:58+01:00,10639,2024-12-12 03:19:09+01:00
195,PuppeteerEC/tests/puppeteer_actions/action7.js,2024-12-12 03:24:09+01:00,10772,2024-12-12 03:24:20+01:00
196,PuppeteerEC/tests/puppeteer_actions/action7.js,2024-12-12 03:29:20+01:00,10656,2024-12-12 03:29:30+01:00
197,PuppeteerEC/tests/puppeteer_actions/action7.js,2024-12-12 03:34:30+01:00,10684,2024-12-12 03:34:41+01:00
198,PuppeteerEC/tests/puppeteer_actions/action7.js,2024-12-12 03:39:41+01:00,10606,2024-12-12 03:39:52+01:00
199,PuppeteerEC/tests/puppeteer_actions/action7.js,2024-12-12 03:44:52+01:00,10578,2024-12-12 03:45:02+01:00
200,PuppeteerEC/tests/puppeteer_actions/action7.js,2024-12-12 03:50:02+01:00,10771,2024-12-12 03:50:13+01:00
201,PuppeteerEC/tests/puppeteer_actions/action7.js,2024-12-12 03:55:13+01:00,10573,2024-12-12 03:55:24+01:00
202,PuppeteerEC/tests/puppeteer_actions/action7.js,2024-12-12 04:00:24+01:00,10669,2024-12-12 04:00:35+01:00
203,PuppeteerEC/tests/puppeteer_actions/action7.js,2024-12-12 04:05:35+01:00,10645,2024-12-12 04:05:45+01:00
204,PuppeteerEC/tests/puppeteer_actions/action7.js,2024-12-12 04:10:45+01:00,10632,2024-12-12 04:10:56+01:00
205,PuppeteerEC/tests/puppeteer_actions/action7.js,2024-12-12 04:15:56+01:00,10893,2024-12-12 04:16:07+01:00
206,PuppeteerEC/tests/puppeteer_actions/action7.js,2024-12-12 04:21:07+01:00,10513,2024-12-12 04:21:17+01:00
207,PuppeteerEC/tests/puppeteer_actions/action7.js,2024-12-12 04:26:17+01:00,10652,2024-12-12 04:26:28+01:00
208,PuppeteerEC/tests/puppeteer_actions/action7.js,2024-12-12 04:31:28+01:00,10656,2024-12-12 04:31:39+01:00
209,PuppeteerEC/tests/puppeteer_actions/action7.js,2024-12-12 04:36:39+01:00,10676,2024-12-12 04:36:50+01:00
210,PuppeteerEC/tests/puppeteer_actions/action7.js,2024-12-12 04:41:50+01:00,10702,2024-12-12 04:42:00+01:00
211,PuppeteerEC/tests/puppeteer_actions/action8.js,2024-12-12 04:57:00+01:00,15581,2024-12-12 04:57:16+01:00
212,PuppeteerEC/tests/puppeteer_actions/action8.js,2024-12-12 05:02:16+01:00,16368,2024-12-12 05:02:32+01:00
213,PuppeteerEC/tests/puppeteer_actions/action8.js,2024-12-12 05:07:32+01:00,16860,2024-12-12 05:07:49+01:00
214,PuppeteerEC/tests/puppeteer_actions/action8.js,2024-12-12 05:12:49+01:00,16196,2024-12-12 05:13:06+01:00
215,PuppeteerEC/tests/puppeteer_actions/action8.js,2024-12-12 05:18:06+01:00,14947,2024-12-12 05:18:20+01:00
216,PuppeteerEC/tests/puppeteer_actions/action8.js,2024-12-12 05:23:21+01:00,16816,2024-12-12 05:23:37+01:00
217,PuppeteerEC/tests/puppeteer_actions/action8.js,2024-12-12 05:28:37+01:00,13741,2024-12-12 05:28:51+01:00
218,PuppeteerEC/tests/puppeteer_actions/action8.js,2024-12-12 05:33:51+01:00,17291,2024-12-12 05:34:08+01:00
219,PuppeteerEC/tests/puppeteer_actions/action8.js,2024-12-12 05:39:09+01:00,14554,2024-12-12 05:39:23+01:00
220,PuppeteerEC/tests/puppeteer_actions/action8.js,2024-12-12 05:44:23+01:00,16681,2024-12-12 05:44:40+01:00
221,PuppeteerEC/tests/puppeteer_actions/action8.js,2024-12-12 05:49:40+01:00,16010,2024-12-12 05:49:56+01:00
222,PuppeteerEC/tests/puppeteer_actions/action8.js,2024-12-12 05:54:56+01:00,18169,2024-12-12 05:55:14+01:00
223,PuppeteerEC/tests/puppeteer_actions/action8.js,2024-12-12 06:00:14+01:00,15716,2024-12-12 06:00:30+01:00
224,PuppeteerEC/tests/puppeteer_actions/action8.js,2024-12-12 06:05:30+01:00,13851,2024-12-12 06:05:44+01:00
225,PuppeteerEC/tests/puppeteer_actions/action8.js,2024-12-12 06:10:44+01:00,13899,2024-12-12 06:10:58+01:00
226,PuppeteerEC/tests/puppeteer_actions/action8.js,2024-12-12 06:15:58+01:00,12290,2024-12-12 06:16:10+01:00
227,PuppeteerEC/tests/puppeteer_actions/action8.js,2024-12-12 06:21:10+01:00,16985,2024-12-12 06:21:27+01:00
228,PuppeteerEC/tests/puppeteer_actions/action8.js,2024-12-12 06:26:27+01:00,15391,2024-12-12 06:26:43+01:00
229,PuppeteerEC/tests/puppeteer_actions/action8.js,2024-12-12 06:31:43+01:00,15216,2024-12-12 06:31:58+01:00
230,PuppeteerEC/tests/puppeteer_actions/action8.js,2024-12-12 06:36:58+01:00,15911,2024-12-12 06:37:14+01:00
231,PuppeteerEC/tests/puppeteer_actions/action8.js,2024-12-12 06:42:14+01:00,13479,2024-12-12 06:42:27+01:00
232,PuppeteerEC/tests/puppeteer_actions/action8.js,2024-12-12 06:47:27+01:00,13624,2024-12-12 06:47:41+01:00
233,PuppeteerEC/tests/puppeteer_actions/action8.js,2024-12-12 06:52:41+01:00,17286,2024-12-12 06:52:58+01:00
234,PuppeteerEC/tests/puppeteer_actions/action8.js,2024-12-12 06:57:58+01:00,15645,2024-12-12 06:58:14+01:00
235,PuppeteerEC/tests/puppeteer_actions/action8.js,2024-12-12 07:03:14+01:00,16359,2024-12-12 07:03:30+01:00
236,PuppeteerEC/tests/puppeteer_actions/action8.js,2024-12-12 07:08:30+01:00,13782,2024-12-12 07:08:44+01:00
237,PuppeteerEC/tests/puppeteer_actions/action8.js,2024-12-12 07:13:44+01:00,13672,2024-12-12 07:13:58+01:00
238,PuppeteerEC/tests/puppeteer_actions/action8.js,2024-12-12 07:18:58+01:00,15605,2024-12-12 07:19:14+01:00
239,PuppeteerEC/tests/puppeteer_actions/action8.js,2024-12-12 07:24:14+01:00,15929,2024-12-12 07:24:30+01:00
240,PuppeteerEC/tests/puppeteer_actions/action8.js,2024-12-12 07:29:30+01:00,14894,2024-12-12 07:29:44+01:00
241,PuppeteerEC/tests/puppeteer_actions/action8.js,2024-12-12 07:34:45+01:00,14355,2024-12-12 07:34:59+01:00
242,PuppeteerEC/tests/puppeteer_actions/action8.js,2024-12-12 07:39:59+01:00,15240,2024-12-12 07:40:14+01:00
243,PuppeteerEC/tests/puppeteer_actions/action8.js,2024-12-12 07:45:14+01:00,16460,2024-12-12 07:45:31+01:00
244,PuppeteerEC/tests/puppeteer_actions/action8.js,2024-12-12 07:50:31+01:00,15858,2024-12-12 07:50:47+01:00
245,PuppeteerEC/tests/puppeteer_actions/action8.js,2024-12-12 07:55:47+01:00,18605,2024-12-12 07:56:05+01:00
